nmId;Артикул;Категория;Бренд;Продаж;Возвратов;Розница (руб);К выплате (руб);Комиссия WB (руб);Логистика (руб);Ср. цена (руб);Комиссия %;Себестоимость (руб)
327127352;7778899;Браслеты;KOTELNIKOVARTIFACT;156;10;110452.45;112894.25;4879.67;3979.14;914;5.01;
303598439;jw-nb-agt-m-0041;Браслеты;KOTELNIKOVARTIFACT;75;5;110549.65;106299.92;9455.01;1883.28;1785;4.86;
306818299;jw-nb-agt-m-0047;Браслеты;KOTELNIKOVARTIFACT;105;6;99884.63;92980.51;4581.78;2742.53;1191;4.09;
378649009;jw-nb-agt-m-0097;Подвески бижутерные;KOTELNIKOVARTIFACT;31;5;71342.57;87099.29;4219.06;1036.44;2784;4.7;
378674958;jw-nb-agt-m-0098;Подвески бижутерные;KOTELNIKOVARTIFACT;12;0;82777;73186.91;7569.67;221.48;8132;5.83;
292157496;jw-nb-agt-m-0033;Браслеты;KOTELNIKOVARTIFACT;66;2;71460.72;66443.84;3412.74;1360.08;1350;4.72;
434100575;39759465;Подвески бижутерные;KOTELNIKOVARTIFACT;27;3;75451.57;61647.92;10407.17;960.12;3177;2.93;
288129588;jw-nb-agt-m-0031;Подвески бижутерные;KOTELNIKOVARTIFACT;23;2;64205.69;57813.26;4387.41;684.1;3183;4.24;
378297543;jw-nb-agt-m-0096;Подвески бижутерные;KOTELNIKOVARTIFACT;6;0;57519;45690.79;8946.12;129.96;10203;7.86;
378971071;jw-nb-agt-m-0099;Подвески бижутерные;KOTELNIKOVARTIFACT;10;0;53799;45471.7;6374.49;228.28;5842;6.16;
434077004;9458398674;Подвески бижутерные;KOTELNIKOVARTIFACT;39;1;49191;41472.93;5666.25;757.02;1553;5.31;
415524446;34567890;Браслеты;KOTELNIKOVARTIFACT;14;1;39681;40948.89;-1451.16;407.82;3857;4.87;
269374290;jw-nb-agt-m-0019;Браслеты;KOTELNIKOVARTIFACT;29;1;40794;37732.69;2185.3;514.75;1624;4.48;
378980050;jw-nb-agt-m-0100;Подвески бижутерные;KOTELNIKOVARTIFACT;36;3;33113;35340.4;-2380.46;1108.48;1290;1.97;
446306396;97876575454;Подвески бижутерные;KOTELNIKOVARTIFACT;10;0;42604;35171.91;5735.83;163.58;4698;7.05;
387711805;jw-nb-agt-m-0112;Подвески бижутерные;KOTELNIKOVARTIFACT;47;3;37017.36;32263.93;3339.73;1438.92;940;3.22;
293625564;jw-nb-agt-m-0036;Подвески бижутерные;KOTELNIKOVARTIFACT;3;0;35055;31367.21;2921.25;40.25;12983;6.33;
676688948;39865823476587365;Подвески бижутерные;KOTELNIKOVARTIFACT;16;0;38070;31199.64;4961.92;234.24;2945;6;
731562548;38279546586365;Обереги;KOTELNIKOVARTIFACT;4;0;32119.19;29925.25;1205.9;98.24;11621;8.52;
445409409;8978785664;Кольца;KOTELNIKOVARTIFACT;33;4;30105;26049.9;3159.62;741.96;1128;1.68;
691043622;7777776543212;Обереги;KOTELNIKOVARTIFACT;5;0;27615.96;25970.26;839.48;78.08;7938;6.6;
386539305;jw-nb-agt-m-0108;Подвески бижутерные;KOTELNIKOVARTIFACT;39;4;25296.51;25874.05;-738.1;1411.32;878;1.21;
700375269;535353567849040;Обереги;KOTELNIKOVARTIFACT;5;0;24362;25228.55;-803.33;112.35;7560;6.6;
391310895;jw-nb-agt-m-0124;Браслеты;KOTELNIKOVARTIFACT;34;3;24300;23410.37;522.87;1209.78;909;3.99;
288116175;jw-nb-agt-m-0029;Подвески бижутерные;KOTELNIKOVARTIFACT;12;1;25559.72;23120.25;1868.39;372.6;2396;4.63;
289945106;jw-nb-agt-m-0032;Браслеты;KOTELNIKOVARTIFACT;13;1;24355;22627.56;1214.28;325.5;2173;4.27;
288063036;jw-nb-agt-m-0028;Шармы-подвески;KOTELNIKOVARTIFACT;28;2;21677;20787.57;425.48;781.74;968;3.13;
301521548;jw-nb-agt-m-0040;Подвески бижутерные;KOTELNIKOVARTIFACT;3;0;25798;20730.94;3814.08;57;9247;7.83;
307131325;jw-nb-agt-m-0048;Подвески бижутерные;KOTELNIKOVARTIFACT;10;1;22873;20347.91;1742.08;345.72;2550;1.85;
434097996;374293578623;Подвески бижутерные;KOTELNIKOVARTIFACT;4;0;20152;20030.67;-100.42;49.87;6625;5.88;
388167738;jw-nb-agt-m-0114;Браслеты;KOTELNIKOVARTIFACT;6;0;18077;19457.84;-1394.17;128.24;4167;7;
387667621;jw-nb-agt-m-0111;Подвески бижутерные;KOTELNIKOVARTIFACT;29;5;22055.34;19291.62;1916.75;1505.38;876;2.29;
263616667;jw-nb-agt-m-0005;Браслеты;KOTELNIKOVARTIFACT;10;1;18822;18087.66;471.67;275;2240;3.7;
386621737;jw-nb-agt-m-0109;Подвески бижутерные;KOTELNIKOVARTIFACT;15;1;17813;15904.68;1308.23;460.42;1452;3.38;
578795659;87657485835;Кольца;KOTELNIKOVARTIFACT;4;0;17673;15140.1;2034.17;78.08;5600;8;
291902573;jw-nb-agt-m-0034;Браслеты;KOTELNIKOVARTIFACT;19;2;15902;15033.68;597.9;592.1;989;2.95;
445391913;8923735874658746;Природные материалы для творчества;KOTELNIKOVARTIFACT;5;0;16195;14583.2;972.95;78.08;4480;6.6;
391729632;jw-nb-agt-m-0123;Природные материалы для творчества;KOTELNIKOVARTIFACT;5;0;13894;14476.01;-705;104.96;4400;6.6;
699284989;903280357946;Подвески бижутерные;KOTELNIKOVARTIFACT;5;0;15469;14445.09;608.33;112.35;4335;6.4;
568536973;837259562;Обереги;KOTELNIKOVARTIFACT;5;0;12199;13958.82;-1659.67;78.08;4236;6.6;
298650698;jw-nb-agt-m-0043;Серьги;KOTELNIKOVARTIFACT;7;1;15954.41;13402.06;1821.17;315.56;2443;2.79;
542426312;8767756552;Обереги;KOTELNIKOVARTIFACT;5;0;13820;13355.75;83.4;78.08;4095;6.6;
574342203;778674542;Обереги;KOTELNIKOVARTIFACT;10;0;12114;13277.02;-1161;184.64;2016;6.6;
543834982;4485963864;Обереги;KOTELNIKOVARTIFACT;6;0;13641;13069.8;260.02;78.08;3383;5.72;
304681906;jw-nb-agt-m-0042;Природные материалы для творчества;KOTELNIKOVARTIFACT;3;0;13846;12853.89;737.92;57.88;5367;6.5;
318131090;243542;Браслеты;KOTELNIKOVARTIFACT;14;2;14348;12696.45;1192.3;553.57;1136;2.68;
266967547;jw-nb-agt-m-0011;Природные материалы для творчества;KOTELNIKOVARTIFACT;4;0;15949;12691;2715;47.5;4288;6.13;
430742201;4535657887;Браслеты;KOTELNIKOVARTIFACT;21;2;15129.11;12582.67;1834.74;624.6;849;2.64;
391785664;jw-nb-agt-m-0121;Природные материалы для творчества;KOTELNIKOVARTIFACT;6;0;10663;12323.72;-1552.77;104.96;3116;5.5;
378998906;jw-nb-agt-m-0101;Подвески бижутерные;KOTELNIKOVARTIFACT;7;0;14370;12230.4;1783;128.24;2184;5.29;
628342861;903257985697;Браслеты;KOTELNIKOVARTIFACT;5;0;12644;12149.55;412.04;78.08;3654;6.4;
292662989;jw-nb-agt-m-0035;Подвески бижутерные;KOTELNIKOVARTIFACT;7;1;14098;12054.94;1479.33;290.1;2160;2.64;
288115269;jw-nb-agt-m-0030;Подвески бижутерные;KOTELNIKOVARTIFACT;11;1;13189;11885.61;1004.66;292.5;1352;3.41;
447793154;7776543322;Обереги;KOTELNIKOVARTIFACT;4;0;10664;11872.79;-1176.18;78.08;4506;8.25;
267766914;jw-nb-agt-m-0015;Природные материалы для творчества;KOTELNIKOVARTIFACT;3;0;12099;11450.84;419.14;35;4802;6.5;
561823684;8327956235736;Браслеты;KOTELNIKOVARTIFACT;5;0;10209;11442.49;-1189.55;78.08;3240;5.63;
266972361;jw-nb-agt-m-0013;Природные материалы для творчества;KOTELNIKOVARTIFACT;9;1;13502;11100;2001.67;269.2;1667;2.72;
266481695;jw-nb-agt-m-0009;Природные материалы для творчества;KOTELNIKOVARTIFACT;3;0;11410;11098.85;116.67;35;4667;6.5;
447795230;584348679;Обереги;KOTELNIKOVARTIFACT;5;0;10260;10983.84;-813.9;78.08;3362;6.61;
395899421;jw-nb-agt-m-0129;Браслеты;KOTELNIKOVARTIFACT;3;0;11610;10942.12;506.25;64.12;4500;6.17;
259678801;jw-nb-agt-m-0002;Браслеты;KOTELNIKOVARTIFACT;17;1;12066;10762.72;1000.84;411.75;803;4.65;
412413756;jw-nb-agt-m-0131;Природные материалы для творчества;KOTELNIKOVARTIFACT;4;0;13442;10695.96;2288.37;49.87;3614;6.13;
374551051;jw-nb-agt-m-0093;Природные материалы для творчества;KOTELNIKOVARTIFACT;6;0;8680;10360;-1400;82.08;2333;4.08;
447792088;99998754;Обереги;KOTELNIKOVARTIFACT;9;1;8415;10064.34;-1402.5;307.85;1558;3.11;
390775378; jw-nb-agt-m-0117;Подвески бижутерные;KOTELNIKOVARTIFACT;8;2;6986.51;10039.1;190.79;319.54;1115;5.34;
445394512;93875346;Природные материалы для творчества;KOTELNIKOVARTIFACT;3;0;12060;9916;1786.67;63.84;4467;8.17;
385908252;jw-nb-agt-m-0106;Браслеты;KOTELNIKOVARTIFACT;8;2;7061;9587.22;715.87;319.54;996;4.63;
305733662;jw-nb-agt-m-0046;Браслеты;KOTELNIKOVARTIFACT;3;0;10910;9442.31;1050.33;64.12;3947;6.17;
672452104;6972308585;Браслеты;KOTELNIKOVARTIFACT;6;0;11515;9345.41;1625.67;78.08;2344;5.33;
710552269;8976876564564352;Браслеты;KOTELNIKOVARTIFACT;6;0;11682;9268.84;1772.13;112.35;2333;5.33;
369052608;jw-nb-agt-m-0088;Природные материалы для творчества;KOTELNIKOVARTIFACT;3;0;9979;8958.6;850.33;64.12;3780;6.5;
672460430;98988877634;Обереги;KOTELNIKOVARTIFACT;10;0;7984;8810.22;-814.93;156.16;1338;6.6;
574242346;765636277654;Подвески бижутерные;KOTELNIKOVARTIFACT;6;0;8202;8604.16;-465;78.08;2000;4.5;
699209236;88876212345678;Обереги;KOTELNIKOVARTIFACT;5;0;8741;8447.22;52.87;112.35;2590;6.6;
432459060;09898763;Браслеты;KOTELNIKOVARTIFACT;3;0;7981.7;8435.69;-481.43;49.87;3501;6.17;
264944070;jw-nb-agt-m-0006;Браслеты;KOTELNIKOVARTIFACT;14;3;5356;8271.75;155.11;463.85;457;1.34;
318124238;jw-nb-agt-m-0058;Природные материалы для творчества;KOTELNIKOVARTIFACT;5;0;9023;8124.93;542.13;78.08;2496;6.6;
468740722;382569886;Природные материалы для творчества;KOTELNIKOVARTIFACT;4;0;5720;7969.82;-1965.42;78.08;2675;6.13;
343158945;jw-nb-agt-m-0060;Природные материалы для творчества;KOTELNIKOVARTIFACT;4;0;9402;7851.54;1143.18;72.96;2659;6.13;
266969490;jw-nb-agt-m-0012;Природные материалы для творчества;KOTELNIKOVARTIFACT;4;0;8785;7849.76;742.76;33;2610;6.1;
367834455;jw-nb-agt-m-0087;Природные материалы для творчества;KOTELNIKOVARTIFACT;3;0;6566;7838.45;-1102.5;64.12;3267;6.5;
412549464;4567890;Браслеты;KOTELNIKOVARTIFACT;3;0;8258;7682.41;479.66;53.43;3201;6.17;
316205510;jw-nb-agt-m-0055;Браслеты;KOTELNIKOVARTIFACT;3;0;8415;7539.84;701.25;42.2;3117;6.33;
391771905;jw-nb-agt-m-0122;Природные материалы для творчества;KOTELNIKOVARTIFACT;4;0;9408;7522.25;1422.5;82.08;2550;6.13;
317539629;jw-nb-agt-m-0056;Природные материалы для творчества;KOTELNIKOVARTIFACT;3;0;8987;7473.4;1261.33;49.87;3153;6.5;
304767230;jw-nb-agt-m-0044;Природные материалы для творчества;KOTELNIKOVARTIFACT;5;0;7663;7456.08;76.64;36.7;1881;3.9;
433795545;09898775533;Браслеты;KOTELNIKOVARTIFACT;3;0;10363.71;7444.65;2210.38;49.87;3360;7.83;
596997213;89768756423;Природные материалы для творчества;KOTELNIKOVARTIFACT;5;0;7325;7338.02;-126.83;78.08;2232;6.6;
335125931;jw-nb-agt-m-0069;Природные материалы для творчества;KOTELNIKOVARTIFACT;4;0;8343;7323.3;849.75;64.12;2318;4.88;
362532108;jw-nb-agt-m-0059;Браслеты;KOTELNIKOVARTIFACT;3;0;8573;7220.01;1127.49;65.55;3008;6.17;
322355553;3563276378265;Браслеты;KOTELNIKOVARTIFACT;9;2;6930;7200;-225;555.02;1000;2.06;
317547824;jw-nb-agt-m-0057;Природные материалы для творчества;KOTELNIKOVARTIFACT;3;0;7429;7138.84;136.56;36.7;3008;6.5;
347604738;jw-nb-agt-m-0064;Природные материалы для творчества;KOTELNIKOVARTIFACT;3;0;6610;7084.66;-500.21;64.12;3183;8.17;
267890574;jw-nb-agt-m-0017;Браслеты;KOTELNIKOVARTIFACT;3;0;8265;7057.44;978.75;47.5;2900;6.17;
420796977;34578457896;Подвески бижутерные;KOTELNIKOVARTIFACT;3;0;8925;6942.58;1510.7;68.4;3300;9.39;
333508872;435456;Природные материалы для творчества;KOTELNIKOVARTIFACT;3;0;8303;6860.9;1201.75;64.12;2913;6.67;
312927818;jw-nb-agt-m-0054;Природные материалы для творчества;;3;0;7640;6739.23;750.64;42.2;2862;6.67;
561830891;89454365;Браслеты;KOTELNIKOVARTIFACT;5;0;7309;6724.58;487.02;78.08;1881;5.4;
309514535;jw-nb-agt-m-0051;Природные материалы для творчества;KOTELNIKOVARTIFACT;4;0;7314;6638.63;489.67;42.2;2102;5;
374566431;jw-nb-agt-m-0094;Природные материалы для творчества;KOTELNIKOVARTIFACT;5;0;6741;6528.99;154.21;104.96;1957;6.6;
446603584;987875443;Природные материалы для творчества;KOTELNIKOVARTIFACT;3;0;8037;6506.39;1148.25;63.84;2940;8.17;
387093306;jw-nb-agt-m-0110;Подвески бижутерные;KOTELNIKOVARTIFACT;4;0;7850;6460.01;1158.33;64.12;2019;4.63;
383521570;jw-nb-agt-m-0105;Браслеты;KOTELNIKOVARTIFACT;3;0;6944;6460.01;403.33;64.12;2692;6.17;
468684345;9854736;Природные материалы для творчества;KOTELNIKOVARTIFACT;4;0;9021.51;6398.88;1997.59;63.84;2194;6.13;
374544701;jw-nb-agt-m-0092;Природные материалы для творчества;KOTELNIKOVARTIFACT;5;0;5185;6396.76;-1027.08;82.08;1700;4.9;
298059552;jw-nb-agt-m-0038;Браслеты;KOTELNIKOVARTIFACT;4;2;3492;6387.32;386.66;242.6;1000;4.63;
567297120;859265337465;Обереги;KOTELNIKOVARTIFACT;5;0;5705;6340.35;-619.79;78.08;1925;6.6;
597019891;98235687435687;Природные материалы для творчества;KOTELNIKOVARTIFACT;5;0;5830;6152.38;-360.97;78.08;1870;6.6;
433802528;090866754;Браслеты;KOTELNIKOVARTIFACT;4;0;7786.52;6063.9;1268.86;49.87;2047;5.88;
325757368;jw-nb-agt-m-0075;Природные материалы для творчества;KOTELNIKOVARTIFACT;3;0;6850;5854.22;721.36;49.87;2478;6.5;
447657279;988776543;Природные материалы для творчества;KOTELNIKOVARTIFACT;6;0;4935;5794;-747.5;78.08;1350;4.67;
329028331;397298356;Браслеты;KOTELNIKOVARTIFACT;4;0;7554.32;5743.78;1335.67;53.93;1837;4.75;
452740509;985043876;Подвески бижутерные;KOTELNIKOVARTIFACT;4;0;6768;5723.66;763.13;49.87;1913;5.88;
541346062;9999887654;Подвески бижутерные;KOTELNIKOVARTIFACT;7;3;2787.73;5693.34;-223.68;394.96;572;3.86;
561812320;63827657863;Браслеты;KOTELNIKOVARTIFACT;11;0;6469;5589.08;630.83;156.16;764;5.82;
604455438;983727685;Браслеты;KOTELNIKOVARTIFACT;4;0;6755;5532.65;911.67;78.08;2081;8;
391231570;jw-nb-agt-m-0120;Природные материалы для творчества;KOTELNIKOVARTIFACT;3;0;5514;5343.47;54.8;64.12;2256;6.5;
545044371;976657534332;Обереги;KOTELNIKOVARTIFACT;4;0;4576;5288.1;-608.67;78.08;1843;7;
365849126;jw-nb-agt-m-0083;Природные материалы для творчества;KOTELNIKOVARTIFACT;7;1;6514;5261.4;1043.83;319.54;951;2.79;
328065348;jw-nb-agt-m-0080;Природные материалы для творчества;KOTELNIKOVARTIFACT;3;0;6271;5151.6;932.83;49.87;2174;6.5;
568612904;4988665756738;Обереги;KOTELNIKOVARTIFACT;15;1;4507;5049.91;-523.79;344.96;511;2.2;
541382735;9337465738;Обереги;KOTELNIKOVARTIFACT;5;0;3918;4707.99;-658.33;78.08;1336;5.6;
568624083;6757655544343;Подвески бижутерные;;6;0;4501;4612.03;-163.79;78.08;1073;4.5;
568589946;378759325637864;Подвески бижутерные;KOTELNIKOVARTIFACT;5;0;5554;4606.87;701.33;78.08;1386;6.4;
264954061;jw-nb-agt-m-0007;Браслеты;kotelnikovartifact;4;0;4845;4583.48;166.25;35;1425;4.63;
583836845;932875946;Обереги;KOTELNIKOVARTIFACT;5;0;3807;4570.77;-696.75;78.08;1386;6.6;
568570243;873256873546;Обереги;KOTELNIKOVARTIFACT;4;0;3580;4493.89;-818.27;78.08;1584;7;
329457590;83757846;Подвески бижутерные;KOTELNIKOVARTIFACT;3;0;4983;4491.79;338.75;53.93;1883;6.33;
541400165;983792356837;Обереги;KOTELNIKOVARTIFACT;5;0;4527.09;4469.72;-46.41;78.08;1273;5.6;
447660878;987786734;Обереги;KOTELNIKOVARTIFACT;4;0;5263;4456.43;588.81;49.87;1509;6.13;
309519933;jw-nb-agt-m-0052;Подвески бижутерные;KOTELNIKOVARTIFACT;3;0;5528.79;4399.59;871.88;36.7;1833;6.17;
430736233;545909054334;Подвески бижутерные;KOTELNIKOVARTIFACT;3;0;4154;4396.32;-267.71;49.87;1950;7.83;
258921133;jw-nb-agt-m-0001;Браслеты;KOTELNIKOVARTIFACT;12;1;4432;4322.84;20.79;374.02;506;4.21;
541224102;87878776554;Подвески бижутерные;KOTELNIKOVARTIFACT;5;0;4617.97;4257.81;235.1;78.08;1188;5.4;
465707809;9887766564;Подвески бижутерные;KOTELNIKOVARTIFACT;3;0;5133;4185;790;49.87;1860;7.83;
541309480;75757566455434;Подвески бижутерные;KOTELNIKOVARTIFACT;23;2;5184;4155.04;835;611.84;267;1.39;
311722013;jw-nb-agt-m-0053;Подвески бижутерные;KOTELNIKOVARTIFACT;3;0;4666;4148.01;431.66;57;1728;6.17;
583796395;8767655643432;Обереги;KOTELNIKOVARTIFACT;5;0;3529;4054.12;-493.48;78.08;1230;6.6;
548003149;83845456739;Подвески бижутерные;KOTELNIKOVARTIFACT;5;0;4201;4052.71;57.06;78.08;1132;5.4;
379033530;jw-nb-agt-m-0102;Подвески бижутерные;KOTELNIKOVARTIFACT;3;0;3850;4028.8;-187.5;64.12;1667;6.17;
691001605;87765645343;Природные материалы для творчества;KOTELNIKOVARTIFACT;5;0;3994;4024.51;-88.67;78.08;1224;6.6;
516964535;93257465;Природные материалы для творчества;KOTELNIKOVARTIFACT;5;0;3013;3982.68;-808.07;78.08;1076;4.9;
575735167;786764320997;Браслеты;KOTELNIKOVARTIFACT;6;0;4640;3921.12;525.6;78.08;983;5.33;
548011281;949487674839;Подвески бижутерные;KOTELNIKOVARTIFACT;5;0;4350;3874.68;327.23;78.08;1084;5.4;
541292582;2323232576789;Подвески бижутерные;KOTELNIKOVARTIFACT;6;0;4027;3869.58;131.18;78.08;902;4.5;
698914829;4534564757667876;Обереги;KOTELNIKOVARTIFACT;4;0;3549;3852.07;-308.75;117.13;1463;8.25;
390777177;jw-nb-agt-m-0118;Природные материалы для творчества;KOTELNIKOVARTIFACT;3;0;4401.17;3819.84;387.25;64.12;1630;6.5;
379084792;jw-nb-agt-m-0104;Подвески бижутерные;KOTELNIKOVARTIFACT;7;1;3839;3798.31;-26.88;319.54;679;2.64;
505176525;888764321;Подвески бижутерные;KOTELNIKOVARTIFACT;3;0;4320;3792;440;63.84;1600;6.5;
711978621;64646467892;Подвески бижутерные;KOTELNIKOVARTIFACT;6;0;5039;3790.1;934.89;112.35;956;5.33;
391234681;jw-nb-agt-m-0128;Подвески бижутерные;KOTELNIKOVARTIFACT;7;1;3783;3770.1;-27.08;319.54;693;3.05;
548017962;8876632123456;Подвески бижутерные;KOTELNIKOVARTIFACT;5;0;4194;3736.02;315.24;78.08;1045;5.4;
541393087;039270653;Подвески бижутерные;KOTELNIKOVARTIFACT;5;0;4409;3735.88;560.93;78.08;1045;5.4;
318613442;89787664;Природные материалы для творчества;KOTELNIKOVARTIFACT;3;0;4141;3728.75;343.54;42.2;1583;6.67;
443474437;7656982;Подвески бижутерные;KOTELNIKOVARTIFACT;4;0;4135;3708.18;290.21;49.87;1238;5.88;
583789984;345467689;Обереги;KOTELNIKOVARTIFACT;14;1;3603;3689.35;-83.97;344.96;395;2.36;
505517408;77766554332;Подвески бижутерные;KOTELNIKOVARTIFACT;21;2;4373;3686.83;502.57;611.84;264;1.52;
699217021;3334556778990;Обереги;KOTELNIKOVARTIFACT;4;0;3666;3666.27;-58.27;112.35;1394;8.25;
568598945;8327539865;Подвески бижутерные;KOTELNIKOVARTIFACT;12;1;4544.31;3656.35;645.28;344.96;462;2.67;
430738893;6754545454335;Подвески бижутерные;KOTELNIKOVARTIFACT;7;1;3373;3646.16;-281.04;279.64;693;3.36;
547982686;545464389;Подвески бижутерные;KOTELNIKOVARTIFACT;5;0;3861;3640.88;122.3;78.08;1018;5.4;
505155691;346767879;Подвески бижутерные;KOTELNIKOVARTIFACT;14;1;4070;3632.75;299.93;344.96;390;2.29;
391256768;jw-nb-agt-m-0125;Подвески бижутерные;KOTELNIKOVARTIFACT;3;0;3962;3624.01;218.93;64.12;1513;6.17;
412522006;jw-nb-agt-m-0133;Подвески бижутерные;KOTELNIKOVARTIFACT;3;0;3637;3598.39;-25.42;52.72;1500;6.17;
505159603;866556342;Подвески бижутерные;KOTELNIKOVARTIFACT;5;0;3793;3566.86;188.45;63.84;903;3.9;
334004727;9357287;Браслеты;KOTELNIKOVARTIFACT;3;0;4099;3556.25;394.22;64.12;1483;6.17;
329002216;9037205;Природные материалы для творчества;KOTELNIKOVARTIFACT;3;0;4034;3532.5;417.92;53.93;1500;6.67;
568557360;98723986578;Подвески бижутерные;KOTELNIKOVARTIFACT;6;0;3421;3505.43;-124.53;78.08;815;4.5;
379073960;jw-nb-agt-m-0103;Подвески бижутерные;KOTELNIKOVARTIFACT;7;1;3869.99;3478.36;303.78;319.54;614;2.64;
547989081;77373736574839;Подвески бижутерные;KOTELNIKOVARTIFACT;6;0;3618;3476.33;118.06;78.08;810;4.5;
269642281;jw-nb-agt-m-0020;Браслеты;KOTELNIKOVARTIFACT;3;0;3549;3434.5;51.05;33;1448;0.07;
467177651;97785346753;Подвески бижутерные;KOTELNIKOVARTIFACT;4;0;3350;3383.41;-80.88;78.08;1181;6.75;
547977238;876543234567;Обереги;KOTELNIKOVARTIFACT;5;0;2965;3341.35;-360.57;78.08;944;5.6;
365938767;jw-nb-agt-m-0085;Природные материалы для творчества;KOTELNIKOVARTIFACT;3;0;3971;3302.2;557.33;64.12;1393;6.5;
451740430;908589256;Подвески бижутерные;KOTELNIKOVARTIFACT;4;0;4015;3262.94;563.14;49.87;1091;5.88;
412516849;jw-nb-agt-m-0132;Природные материалы для творчества;KOTELNIKOVARTIFACT;3;0;2742;3255.9;-471.67;52.72;1425;7.54;
584965957;87668553234;Подвески бижутерные;KOTELNIKOVARTIFACT;14;1;3777;3204.47;417.3;344.96;321;1.93;
710291050;65656565789;Подвески бижутерные;KOTELNIKOVARTIFACT;6;0;3885;3202.42;498.98;112.35;803;5.33;
583831016;9875983654;Подвески бижутерные;KOTELNIKOVARTIFACT;14;1;3635;3177.25;323.9;344.96;341;2.29;
307782963;jw-nb-agt-m-0049;Природные материалы для творчества;KOTELNIKOVARTIFACT;5;0;3360;3169.6;116.67;41.8;800;3.9;
710279007;33333787564;Подвески бижутерные;KOTELNIKOVARTIFACT;6;0;3960;3141.4;658;112.35;774;5.33;
318621865;7665563;Природные материалы для творчества;KOTELNIKOVARTIFACT;6;1;3682;3121.99;414.52;268.77;659;3.25;
374522317;jw-nb-agt-m-0090;Природные материалы для творчества;KOTELNIKOVARTIFACT;3;0;3440;3107.15;222.91;64.12;1314;6.5;
505173451;9876543211;Подвески бижутерные;KOTELNIKOVARTIFACT;4;0;2312.7;3075.32;-679.84;78.08;972;4.88;
386392387;jw-nb-agt-m-0107;Природные материалы для творчества;KOTELNIKOVARTIFACT;7;1;3546;3073.41;337.67;319.54;594;3.5;
710251303;9999876432;Подвески бижутерные;KOTELNIKOVARTIFACT;6;0;3594;3011.96;413.74;112.35;757;5.33;
505162123;436457678;Подвески бижутерные;KOTELNIKOVARTIFACT;3;0;2828;2987.47;-177.67;63.84;1296;7.27;
561820696;8878787673645;Браслеты;KOTELNIKOVARTIFACT;5;0;3184;2968.9;128.83;78.08;891;6.4;
541300068;6565683900;Подвески бижутерные;KOTELNIKOVARTIFACT;5;0;2920;2955.77;-76.04;78.08;825;5.4;
430738268;456789000;Подвески бижутерные;KOTELNIKOVARTIFACT;10;2;3502;2939.15;413.59;523.38;393;2.35;
710270178;99998887655;Подвески бижутерные;KOTELNIKOVARTIFACT;5;0;4009;2938.27;828.8;112.35;887;6.4;
270195576;jw-nb-agt-m-0021;Браслеты;KOTELNIKOVARTIFACT;11;2;3072;2917.1;115;490.85;327;1.68;
390788462;jw-nb-agt-m-0119;Подвески бижутерные;KOTELNIKOVARTIFACT;3;0;3776.05;2912.8;640.57;64.12;1230;6.17;
690996240;8765432345555;Природные материалы для творчества;KOTELNIKOVARTIFACT;10;1;2998;2719.29;164;344.96;418;3.3;
451738841;66790303;Подвески бижутерные;KOTELNIKOVARTIFACT;3;0;3072;2583;407.5;49.87;1148;7.83;
347637872;2398409357;Природные материалы для творчества;KOTELNIKOVARTIFACT;6;1;2672;2316.16;254.23;319.54;523;4.08;
444107775;74785436578;Подвески бижутерные;KOTELNIKOVARTIFACT;4;0;2393;2100;244.17;49.87;700;5.88;
272043247;jw-nb-agt-m-0023;Браслеты;KOTELNIKOVARTIFACT;4;0;2766.07;2098.8;498.53;40.25;665;4.63;
374531623;jw-nb-agt-m-0091;Природные материалы для творчества;KOTELNIKOVARTIFACT;4;0;2416;2087.35;235.63;64.12;663;4.88;
272447123;jw-nb-agt-m-0027;Браслеты;KOTELNIKOVARTIFACT;7;1;1780;1656;103.33;299.6;296;2.64;
446638621;832793465;Подвески бижутерные;KOTELNIKOVARTIFACT;3;0;1860;1653.78;142.4;49.87;736;7.83;
305659270;31234;Открытки;;16;1;146;110.56;28.38;330.75;9;4.28;
0;;;0;1442;0;0;0;0;0;0;0;
267101361;jw-nb-agt-m-0014;Браслеты;KOTELNIKOVARTIFACT;5;1;0;0;0;206;0;0;
266904445;jw-nb-agt-m-0010;Браслеты;KOTELNIKOVARTIFACT;5;1;0;0;0;210;0;0;
295809856;jw-nb-agt-m-0037;Браслеты;KOTELNIKOVARTIFACT;5;1;0;0;0;210;0;0;
331517609;3874265784;Браслеты;KOTELNIKOVARTIFACT;3;1;0;0;0;255.42;0;0;
333517271;98640077;Природные материалы для творчества;KOTELNIKOVARTIFACT;3;1;0;0;0;255.42;0;0;
431548944;6565542;Часы наручные;KOTELNIKOVARTIFACT;6;1;0;0;0;229.77;0;0;
366261520;jw-nb-agt-m-0086;Природные материалы для творчества;KOTELNIKOVARTIFACT;7;1;0;0;0;273.38;0;0;
505524639;5475466545734;Подвески бижутерные;KOTELNIKOVARTIFACT;4;1;0;0;0;113.84;0;0;
465705373;3902057;Подвески бижутерные;KOTELNIKOVARTIFACT;9;1;0;0;0;252.64;0;0;
567344728;76875674543;Браслеты;KOTELNIKOVARTIFACT;8;1;0;0;0;266.88;0;0;
447659932;92739856;Природные материалы для творчества;KOTELNIKOVARTIFACT;16;2;0;0;0;533.76;0;0;
583848247;8937298579634;Подвески бижутерные;KOTELNIKOVARTIFACT;8;1;0;0;0;266.88;0;0;
679816837;94574935869;Подвески бижутерные;KOTELNIKOVARTIFACT;14;2;0;0;0;533.76;0;0;
679811425;932895946;Подвески бижутерные;KOTELNIKOVARTIFACT;8;1;0;0;0;266.88;0;0;
699156637;8937298586;Обереги;KOTELNIKOVARTIFACT;8;1;0;0;0;316.95;0;0;
685264731;88887765432;Подвески бижутерные;;9;1;0;0;0;266.88;0;0;
635576126;75938646586;Подвески бижутерные;KOTELNIKOVARTIFACT;15;2;0;0;0;394.96;0;0;
731559604;8787877665454433;Подвески бижутерные;KOTELNIKOVARTIFACT;4;1;0;0;0;149.58;0;0;
708551888;787787787654;Браслеты;KOTELNIKOVARTIFACT;4;1;0;0;0;162.35;0;0;
678735474;872395643876;Подвески бижутерные;KOTELNIKOVARTIFACT;6;1;0;0;0;266.88;0;0;
678802293;8797686858325;Подвески бижутерные;KOTELNIKOVARTIFACT;6;1;0;0;0;266.88;0;0;
702062898;6363638900098;Браслеты;KOTELNIKOVARTIFACT;2;0;0;0;0;0;0;0;
